{"cameraMode":{"drawMode":0,"name":"Shaded","section":"Shading Mode"},"sceneLighting":true,"audioPlay":false,"sceneViewState":{"m_AlwaysRefresh":false,"showFog":true,"showSkybox":true,"showFlares":true,"showImageEffects":true,"showParticleSystems":true,"showVisualEffectGraphs":true,"m_FxEnabled":true},"in2DMode":false,"pivot":{"x":-0.09697502106428147,"y":0.1345892995595932,"z":0.42222824692726138},"rotation":{"x":0.10248569399118424,"y":-0.0686008483171463,"z":0.007105781696736813,"w":0.9924709796905518},"size":0.5468799471855164,"orthographic":true}